Date,Adj Close,Volume,Sentiments
24/4/17,280.892944,10077853,0
25/4/17,280.892944,11531902,1
26/4/17,281.285736,13836891,-1
27/4/17,276.965057,22622372,1
28/4/17,284.526215,14152004,-1
2/5/17,283.102356,9754789,1
3/5/17,284.575317,13950914,1
4/5/17,293.658569,24534923,-1
5/5/17,290.663544,34756331,1
8/5/17,294.002258,11560550,-1
9/5/17,291.154541,7843574,-1
10/5/17,289.141541,8699405,1
11/5/17,292.725677,11934889,-1
12/5/17,292.529297,13376269,1
15/5/17,295.966187,10383539,1
16/5/17,301.956238,17533439,1
17/5/17,302.103516,14120513,-1
18/5/17,297.488281,15471393,1
19/5/17,302.447235,55250969,-1
22/5/17,288.994202,35771221,-1
23/5/17,283.642456,19846852,-1
24/5/17,278.045227,16435958,1
25/5/17,284.869934,15018467,1
26/5/17,285.811249,12304394,-1
29/5/17,281.401947,10619968,1
30/5/17,286.207581,9643418,-1
31/5/17,285.662598,10697171,-1
1/6/17,284.820404,12186700,-1
2/6/17,284.424042,12004368,1
5/6/17,284.622223,7917410,1
6/6/17,284.671753,12346121,1
7/6/17,287.892029,10864355,-1
8/6/17,285.959869,8370299,-1
9/6/17,285.910309,10804887,-1
12/6/17,282.343262,10326846,-1
13/6/17,281.253326,9171049,1
14/6/17,281.600128,11566255,-1
15/6/17,281.401947,11925641,1
16/6/17,283.334137,19246907,1
19/6/17,286.207581,14848661,1
20/6/17,287.446167,14927701,1
21/6/17,288.238831,10537576,1
22/6/17,291.805908,26110402,-1
23/6/17,286.306671,20648597,-1
27/6/17,277.091736,25523129,-1
28/6/17,273.87146,17241351,-1
29/6/17,269.957611,30457363,1
30/6/17,271.146637,12235472,1
3/7/17,272.335663,8951033,-1
4/7/17,270.502594,7856082,1
5/7/17,272.385193,10048734,1
6/7/17,278.429382,16115817,-1
7/7/17,277.537628,5914038,1
10/7/17,282.937744,2095795,-1
11/7/17,280.956055,12400820,1
12/7/17,285.018555,7524835,1
13/7/17,286.10849,8434324,1
14/7/17,288.932434,13750192,1
17/7/17,290.319611,10549310,-1
18/7/17,288.337921,11913832,1
19/7/17,290.616852,9006728,-1
20/7/17,288.288391,6256500,-1
21/7/17,287.991119,7266604,1
24/7/17,291.855438,11195781,1
25/7/17,293.391266,10846999,-1
26/7/17,293.093994,12527914,1
27/7/17,295.620697,22286060,1
28/7/17,296.363831,15766196,1
31/7/17,309.641235,41547584,-1
1/8/17,306.173248,14888804,-1
2/8/17,304.885162,17005571,-1
3/8/17,297.800537,14459919,1
4/8/17,302.45755,9615344,1
7/8/17,308.353149,11420767,-1
8/8/17,300.872192,13578680,-1
9/8/17,299.534515,15852734,-1
10/8/17,293.985779,14519518,-1
11/8/17,277.587158,67652562,-1
14/8/17,275.655029,23773509,1
16/8/17,280.510193,21074533,-1
17/8/17,278.280762,12134114,-1
18/8/17,276.150452,12653217,-1
21/8/17,272.137482,9247153,-1
22/8/17,271.394348,11814388,1
23/8/17,276.447693,11317821,1
24/8/17,277.735779,14138226,-1
28/8/17,276.794495,10505317,-1
29/8/17,274.465973,10335964,-1
30/8/17,274.069641,7648702,1
31/8/17,275.209137,14222467,1
1/9/17,275.308228,8255209,-1
4/9/17,275.209137,7168751,-1
5/9/17,274.020081,9565430,-1
6/9/17,271.74115,7306781,-1
7/9/17,271.69162,16102724,-1
8/9/17,269.313538,7077895,-1
11/9/17,268.471344,14489224,1
12/9/17,270.948486,8375133,-1
13/9/17,270.898926,10150073,1
14/9/17,271.69162,8015217,-1
15/9/17,269.016296,18404860,-1
18/9/17,267.926361,17538678,-1
19/9/17,265.350128,14331316,1
20/9/17,267.579559,12355806,-1
21/9/17,266.043732,8509419,-1
22/9/17,259.45459,12860892,-1
25/9/17,256.382935,13937050,-1
26/9/17,255.887512,11728345,-1
27/9/17,248.109314,17080769,1
28/9/17,250.239655,17776419,1
29/9/17,251.527771,10073641,-1
3/10/17,249.001099,10547836,1
4/10/17,250.883713,14063896,-1
5/10/17,249.298355,13476692,1
6/10/17,254.40123,11932139,1
9/10/17,254.50032,8009211,1
10/10/17,254.599411,9742878,-1
11/10/17,249.446976,14192548,-1
12/10/17,248.902008,13404759,1
13/10/17,249.793777,15697555,-1
16/10/17,249.744232,12171830,-1
17/10/17,248.852463,13505216,-1
18/10/17,241.520157,20677891,-1
19/10/17,240.529312,3458869,1
23/10/17,243.700027,8901335,1
24/10/17,252.122269,17197805,1
25/10/17,321.927795,262677081,-1
26/10/17,317.568054,112804243,-1
27/10/17,308.204498,27580765,1
30/10/17,309.145813,28530254,-1
31/10/17,303.002502,16455750,1
1/11/17,316.924011,34907283,-1
2/11/17,311.474304,23110527,1
3/11/17,322.026886,26898400,1
6/11/17,325.990295,17143407,-1
7/11/17,314.298248,21883541,-1
8/11/17,306.718201,20242447,1
9/11/17,310.830261,21846178,1
10/11/17,330.498657,82984969,-1
13/11/17,328.021515,38777555,-1
14/11/17,326.089386,25647162,-1
15/11/17,321.977356,17389606,1
16/11/17,330.350037,22506014,1
17/11/17,334.412537,26518142,-1
20/11/17,329.953705,13507662,-1
21/11/17,327.625183,14189920,1
22/11/17,332.232635,22861716,-1
23/11/17,331.885864,13338423,-1
24/11/17,329.359192,11716981,1
27/11/17,332.579437,13114683,-1
28/11/17,328.96283,16054996,-1
29/11/17,325.891205,11264624,-1
30/11/17,317.419434,27276288,-1
1/12/17,309.888947,16425620,1
4/12/17,310.731171,13887727,1
5/12/17,316.180847,15130931,-1
6/12/17,309.542145,18658202,1
7/12/17,313.505554,12278558,-1
8/12/17,310.235748,16418832,1
11/12/17,315.487244,14014369,1
12/12/17,315.536804,17658856,-1
13/12/17,310.433899,17540585,1
14/12/17,311.127502,13894451,-1
15/12/17,309.393524,16050711,1
18/12/17,315.982666,32119915,1
19/12/17,316.874451,14741481,-1
20/12/17,314.59549,9895770,-1
21/12/17,313.852356,9916409,1
22/12/17,316.924011,13821639,-1
26/12/17,314.248688,9329690,-1
27/12/17,311.969727,14276027,-1
28/12/17,305.578735,20353152,1
29/12/17,307.065002,11939569,-1
1/1/18,304.290649,12182400,-1
2/1/18,300.475861,14797364,-1
3/1/18,300.079529,13857373,1
4/1/18,305.677826,24517099,-1
5/1/18,303.547485,14580575,-1
8/1/18,303.002502,13557197,-1
9/1/18,301.516235,15574755,-1
10/1/18,298.34552,13064599,1
11/1/18,299.435455,12298455,1
12/1/18,299.484985,17594228,1
15/1/18,299.831818,18189668,-1
16/1/18,293.440796,18040940,1
17/1/18,304.290649,26277307,-1
18/1/18,300.475861,40000111,1
19/1/18,306.420959,18461642,-1
22/1/18,303.696106,12622645,1
23/1/18,315.190002,35252217,1
24/1/18,326.88205,38070520,-1
25/1/18,310.285278,42466150,-1
29/1/18,309.244904,23600898,1
30/1/18,310.68161,25810404,-1
31/1/18,310.384369,16409938,-1
1/2/18,303.250214,19515991,-1
2/2/18,294.629822,23274673,1
5/2/18,295.323395,18940578,-1
6/2/18,289.081055,30577218,1
7/2/18,290.121429,21463818,1
8/2/18,298.642761,18932796,-1
9/2/18,293.688507,15750824,-1
12/2/18,286.10849,50839665,-1
14/2/18,273.673309,45641149,1
15/2/18,276.150452,26058237,-1
16/2/18,269.164917,30338112,-1
19/2/18,266.043732,43847791,1
20/2/18,267.183228,33458021,1
21/2/18,270.799835,23714454,-1
22/2/18,270.106232,25584062,1
23/2/18,273.524658,15482147,-1
26/2/18,271.939331,15306032,-1
27/2/18,265.151978,20824909,1
28/2/18,265.548309,26810799,-1
1/3/18,259.751831,22859175,1
5/3/18,261.089478,18484565,-1
6/3/18,254.203049,20778164,-1
7/3/18,244.393631,31262500,1
8/3/18,254.45076,33133336,-1
9/3/18,250.933258,21536191,-1
12/3/18,250.536926,25332474,1
13/3/18,252.36998,37647221,1
14/3/18,254.698486,25471485,-1
15/3/18,251.379135,18339890,-1
16/3/18,249.991943,25728297,-1
19/3/18,245.681732,18167594,1
20/3/18,246.821228,20556571,-1
21/3/18,245.731277,19533972,-1
22/3/18,239.340286,26828240,-1
23/3/18,232.652039,27150262,1
26/3/18,244.24501,30373940,1
27/3/18,252.023193,31205051,-1
28/3/18,247.613892,36673566,-1
2/4/18,243.898193,14993188,1
3/4/18,248.208405,19883309,-1
4/4/18,245.037689,18824449,1
5/4/18,256.927887,22880821,1
6/4/18,257.324249,24868860,1
9/4/18,258.265564,20208874,1
10/4/18,260.891296,21201141,-1
11/4/18,254.698486,14885838,-1
12/4/18,251.478226,18660913,-1
13/4/18,248.654297,25654020,-1
16/4/18,246.722137,16408377,-1
17/4/18,245.879898,15922452,-1
18/4/18,244.19545,16142387,-1
19/4/18,243.898193,13166927,-1
20/4/18,238.993484,15546939,1
23/4/18,240.232056,12111837,-1
24/4/18,238.398987,9486349,-1
25/4/18,235.030075,13124853,-1
26/4/18,231.066666,24495144,1
27/4/18,240.380692,31401889,1
30/4/18,244.145905,17263193,-1
2/5/18,238.795319,12887066,1
3/5/18,239.687073,12939642,1
4/5/18,239.736618,12777310,1
7/5/18,244.24501,15122614,1
8/5/18,247.762527,23293920,-1
9/5/18,245.731277,11429823,-1
10/5/18,245.681732,13160967,1
11/5/18,248.059784,11958589,1
14/5/18,251.28006,18673849,-1
15/5/18,245.731277,18026861,-1
16/5/18,240.876114,17222004,-1
17/5/18,240.479767,11721064,-1
18/5/18,236.664993,11873041,1
21/5/18,242.21376,18780730,1
22/5/18,251.577301,68713602,1
23/5/18,260.792236,71202072,1
24/5/18,266.043732,34679642,-1
25/5/18,264.507935,22317308,1
28/5/18,269.561249,18959368,-1
29/5/18,261.882141,16107543,1
30/5/18,264.706085,19320209,1
31/5/18,267.084137,31935892,-1
1/6/18,264.260223,16574717,-1
4/6/18,260.594055,12933824,1
5/6/18,261.139008,14102731,1
6/6/18,267.67865,18315171,-1
7/6/18,267.183228,18773700,1
8/6/18,270.502594,14096549,1
11/6/18,271.493439,18219428,1
12/6/18,280.262482,31358021,1
13/6/18,285.068115,26748300,-1
14/6/18,280.014771,18513730,-1
15/6/18,274.911896,16949917,-1
18/6/18,274.317352,13542420,-1
19/6/18,270.106232,20726975,1
20/6/18,270.799835,14002946,-1
21/6/18,266.192352,12954943,1
22/6/18,270.552124,20784133,-1
25/6/18,265.994202,10934401,-1
26/6/18,264.953796,16867009,-1
27/6/18,259.305969,16277655,-1
28/6/18,254.648941,21349738,1
29/6/18,256.977448,16244724,-1
2/7/18,256.482025,21896701,-1
3/7/18,255.144379,16099030,-1
4/7/18,255.094849,14206935,-1
5/7/18,254.103989,11215032,1
6/7/18,254.847137,16174019,1
9/7/18,259.157318,13220744,1
10/7/18,261.337189,11487165,-1
11/7/18,256.729736,12857179,1
12/7/18,260.346344,10642215,-1
13/7/18,255.39209,11976239,-1
16/7/18,249.298355,8965623,1
17/7/18,256.680176,16067598,1
18/7/18,257.175598,17641125,1
19/7/18,257.819672,9958284,1
20/7/18,259.107788,6120163,1
23/7/18,263.913422,17013119,1
24/7/18,264.408844,9320281,1
25/7/18,269.363098,13099277,1
26/7/18,285.068115,53496546,-1
27/7/18,284.126801,32175436,1
30/7/18,294.679352,40949610,-1
31/7/18,290.815033,36510328,1
1/8/18,292.400421,33885474,-1
2/8/18,291.211365,15665209,1
3/8/18,296.512451,18254462,1
6/8/18,305.677826,31576923,-1
7/8/18,301.268524,23928622,1
8/8/18,305.876007,20498279,1
9/8/18,314.496399,46464355,-1
10/8/18,301.664886,111510771,-1
13/8/18,291.459106,58127432,1
14/8/18,292.20224,25294933,-1
16/8/18,290.022369,31083900,1
17/8/18,299.336365,21931134,1
20/8/18,304.835602,20240462,-1
21/8/18,304.191559,14139592,-1
23/8/18,299.683167,22721004,-1
24/8/18,297.701477,18869585,1
27/8/18,305.182404,28111768,-1
28/8/18,302.556641,16890236,1
29/8/18,306.866852,24320824,-1
30/8/18,305.776917,19935935,1
31/8/18,306.767761,18100140,-1
3/9/18,303.547485,14708076,-1
4/9/18,293.688507,42859084,1
5/9/18,293.837128,22922686,-1
6/9/18,293.738068,18001336,-1
7/9/18,288.981964,23716678,-1
10/9/18,282.244171,23354395,-1
11/9/18,280.014771,28361400,1
12/9/18,282.690033,22717796,1
14/9/18,287.991119,15149585,-1
17/9/18,282.690033,16089996,-1
18/9/18,271.295258,33901000,-1
19/9/18,269.016296,40759431,-1
21/9/18,268.124542,39308482,-1
24/9/18,261.931702,24633374,1
25/9/18,268.421783,28948831,-1
26/9/18,261.436279,23951904,1
27/9/18,262.922577,24829383,1
28/9/18,263.071198,33803139,1
1/10/18,271.344818,17711738,-1
3/10/18,269.214478,19714943,-1
4/10/18,268.867676,17754204,-1
5/10/18,255.986603,36628643,1
8/10/18,263.318909,21100804,-1
9/10/18,260.544525,16010883,1
10/10/18,276.100891,31772330,-1
11/10/18,259.751831,46291120,1
12/10/18,261.337189,42967696,-1
15/10/18,260.792236,21965859,1
16/10/18,267.827271,33597068,-1
17/10/18,258.760986,21631573,-1
19/10/18,258.711456,28474307,-1
22/10/18,257.968323,19933462,-1
23/10/18,253.311295,20206307,1
24/10/18,253.36084,25636533,-1
25/10/18,247.267105,33066232,-1
26/10/18,245.830368,20543437,1
29/10/18,265.449219,37768359,1
30/10/18,270.651215,33401683,1
31/10/18,278.825745,28137370,1
1/11/18,283.284576,29144808,-1
2/11/18,282.739594,27760214,1
5/11/18,292.251801,44619891,-1
6/11/18,283.829559,40688243,1
7/11/18,283.928619,3312160,-1
9/11/18,280.658813,19201007,-1
12/11/18,275.407318,24044907,1
13/11/18,275.506378,25633628,1
14/11/18,281.005615,52674807,1
15/11/18,282.789124,18445463,1
16/11/18,288.238831,24805910,-1
19/11/18,285.513977,13799970,-1
20/11/18,280.856995,12900924,1
21/11/18,284.424042,16167419,-1
22/11/18,280.113861,12066797,1
26/11/18,283.779999,16846820,1
27/11/18,286.752533,21242956,-1
28/11/18,281.946899,19837609,1
29/11/18,283.779999,27919104,-1
30/11/18,282.04599,17583510,1
3/12/18,284.176331,15772176,-1
4/12/18,279.96521,11897307,-1
5/12/18,277.587158,14893748,-1
6/12/18,273.128326,11083451,-1
7/12/18,272.880615,10165275,-1
10/12/18,271.69162,11947887,1
11/12/18,278.677094,30927239,1
12/12/18,282.640503,21765939,1
13/12/18,286.356201,24097152,1
14/12/18,286.554382,12156361,1
17/12/18,286.851624,12728014,1
18/12/18,290.071899,13606582,1
19/12/18,297.949188,26124125,-1
20/12/18,291.359985,19222232,-1
21/12/18,289.229675,15777301,1
24/12/18,290.369141,12048877,1
26/12/18,291.459106,12684324,-1
27/12/18,289.477386,15304564,1
28/12/18,292.103149,12876558,1
31/12/18,293.193085,9526067,1
1/1/19,296.859253,11837127,-1
2/1/19,291.211365,25559853,-1
3/1/19,288.437012,17548347,1
4/1/19,294.927063,19514041,-1
7/1/19,293.589417,14579399,1
8/1/19,302.50708,22949961,0
9/1/19,302.50708,21109911,1
10/1/19,302.754791,16295468,-1
11/1/19,299.980438,12702551,-1
14/1/19,297.651917,10372933,1
15/1/19,298.890472,9444374,1
16/1/19,300.37677,12111480,-1
17/1/19,294.679352,15974634,-1
18/1/19,292.251801,9082501,-1
21/1/19,289.774658,10188647,-1
22/1/19,287.594788,11297989,-1
23/1/19,284.02771,10304608,1
24/1/19,285.414886,11532528,-1
25/1/19,282.789124,11121223,-1
28/1/19,279.023926,18905470,-1
29/1/19,278.033051,17435611,1
30/1/19,284.820404,18908654,1
31/1/19,290.963654,25546487,-1
1/2/19,281.798279,60015958,-1
4/2/19,281.352417,20642919,1
5/2/19,282.04599,13291133,1
6/2/19,286.405731,12149759,-1
7/2/19,284.770844,19733315,-1
8/2/19,283.383667,19781908,-1
11/2/19,277.93396,15420017,-1
12/2/19,272.880615,15326106,-1
14/2/19,264.656555,26372671,-1
15/2/19,260.544525,23366091,-1
18/2/19,257.57196,14781744,1
19/2/19,260.494965,19064306,1
20/2/19,265.251068,15514595,1
21/2/19,265.548309,13760702,1
22/2/19,268.471344,12536918,-1
25/2/19,267.67865,20793897,-1
26/2/19,263.913422,15274303,1
27/2/19,265.201508,20571652,1
28/2/19,266.588715,31636468,1
1/3/19,270.453064,20024726,1
5/3/19,273.921021,21533972,1
6/3/19,275.555939,22161376,1
7/3/19,279.172546,14899105,-1
8/3/19,278.627563,19943319,1
11/3/19,284.721313,22931245,-1
12/3/19,284.275421,20828136,1
13/3/19,290.468231,23725641,-1
14/3/19,289.229675,16164017,1
15/3/19,295.670227,37928480,1
18/3/19,296.21521,23782967,1
19/3/19,300.277679,27218691,1
20/3/19,301.020813,18820555,-1
22/3/19,295.323395,17865957,-1
25/3/19,291.310455,16895511,1
26/3/19,300.723572,18303791,1
27/3/19,305.975067,35956450,1
28/3/19,316.081757,63244736,1
1/4/19,319.797455,22372357,1
2/4/19,325.990295,27897583,-1
3/4/19,317.568054,30552104,1
4/4/19,318.85614,27832294,-1
5/4/19,314.149597,23117232,-1
8/4/19,309.938477,17394139,1
9/4/19,311.870636,25556039,-1
10/4/19,308.055847,19237974,1
11/4/19,312.019257,14897935,1
12/4/19,312.366089,14751964,1
15/4/19,312.712891,13864791,1
16/4/19,312.861511,14940726,-1
18/4/19,307.956757,15691168,-1
22/4/19,307.213623,15665440,-1
23/4/19,302.45755,17324274,1
24/4/19,307.907227,15228591,-1
25/4/19,303.398865,30842477,1
26/4/19,309.641235,14987906,-1
30/4/19,307.114563,18178758,-1
2/5/19,305.331024,16640100,1
3/5/19,307.164093,12452689,-1
6/5/19,305.925537,10639216,-1
7/5/19,302.655731,15219845,-1
8/5/19,295.521576,22103678,1
9/5/19,296.561981,12654440,1
10/5/19,305.231934,60739833,-1
13/5/19,304.092468,40101505,1
14/5/19,311.771545,30521436,-1
15/5/19,309.244904,27932459,1
16/5/19,312.861511,18147559,1
17/5/19,316.329468,25838962,1
20/5/19,341.546661,53207071,-1
21/5/19,334.462067,33457162,1
22/5/19,337.979614,32002499,1
23/5/19,339.06955,74413322,1
24/5/19,352.099243,35703403,1
27/5/19,358.391144,31374994,-1
28/5/19,356.756226,23501608,-1
29/5/19,345.46051,28370210,1
30/5/19,350.315704,25712604,-1
31/5/19,349.275299,32588069,1
3/6/19,352.198334,18380919,-1
4/6/19,349.176208,18130636,-1
6/6/19,333.818024,41941144,1
7/6/19,338.920898,29739710,1
10/6/19,341.150299,20500542,1
11/6/19,343.924713,16281297,-1
12/6/19,340.853058,11564970,1
13/6/19,343.3302,15509948,-1
14/6/19,340.654877,10347594,-1
17/6/19,334.759338,13779496,1
18/6/19,336.939178,21957480,-1
19/6/19,335.750183,16416903,1
20/6/19,341.992554,20626861,1
21/6/19,346.203674,24749090,1
24/6/19,349.968903,17919504,1
25/6/19,353.288239,15922634,1
26/6/19,354.873627,15835579,1
27/6/19,358.837036,29658120,-1
28/6/19,357.945251,22708464,1
1/7/19,358.242493,12348793,1
2/7/19,361.165527,14482172,1
3/7/19,362.800446,12626285,1
4/7/19,364.039001,19252646,1
5/7/19,367.259277,30019347,-1
8/7/19,352.049683,27247892,1
9/7/19,356.211273,16579914,-1
10/7/19,350.959778,18681819,1
11/7/19,359.877441,20048321,1
12/7/19,360.273773,14661748,-1
15/7/19,356.756226,15665939,1
16/7/19,361.016907,16251836,1
17/7/19,368.993256,17545177,-1
18/7/19,360.323303,21691056,-1
19/7/19,352.743286,22213173,-1
22/7/19,347.640411,19682038,-1
23/7/19,339.06955,27956145,-1
24/7/19,336.493317,20823143,1
25/7/19,338.177765,19857643,1
26/7/19,339.465881,16139052,1
29/7/19,340.654877,17060483,-1
30/7/19,324.553528,24437235,1
31/7/19,329.161041,22741445,-1
1/8/19,314.248688,40853304,-1
2/8/19,305.628296,64472348,-1
5/8/19,297.503296,48815899,1
6/8/19,298.642761,30442970,-1
7/8/19,287.247986,30820114,1
8/8/19,291.657288,32929233,-1
9/8/19,288.684723,23377581,-1
13/8/19,280.757904,24231272,1
14/8/19,287.099335,18523649,1
16/8/19,288.238831,20047399,-1
19/8/19,284.225891,19831459,-1
20/8/19,281.104706,23204417,-1
21/8/19,274.862335,28226325,-1
22/8/19,266.093262,27728925,1
23/8/19,268.619965,35212444,1
26/8/19,277.636719,64066440,1
27/8/19,283.086426,45164811,-1
28/8/19,282.293701,18979998,-1
29/8/19,271.988861,27083514,-1
30/8/19,271.344818,45702652,-1
3/9/19,265.944641,21241863,1
4/9/19,272.583374,27309675,-1
5/9/19,270.799835,25085139,1
6/9/19,271.443909,16675146,1
9/9/19,275.456848,18616889,1
11/9/19,282.640503,20999669,1
12/9/19,284.424042,21964832,1
13/9/19,289.031525,27303181,-1
16/9/19,282.095551,18267680,-1
17/9/19,271.443909,21533362,1
18/9/19,277.834869,25478758,-1
19/9/19,271.542969,23387797,1
20/9/19,298.940033,84481749,1
23/9/19,310.879791,54178171,-1
24/9/19,299.831818,40096711,-1
25/9/19,277.686249,73063465,1
26/9/19,279.271637,79005946,-1
27/9/19,278.627563,37851718,-1
30/9/19,268.322693,41094131,-1
1/10/19,253.608551,79350077,-1
3/10/19,251.825012,56207921,-1
4/10/19,247.663437,60029186,-1
7/10/19,246.821228,39160623,1
9/10/19,258.562836,60328507,-1
10/10/19,251.825012,37577511,1
11/10/19,252.221359,43272106,1
14/10/19,253.113129,28265136,1
15/10/19,256.085693,23444973,-1
16/10/19,253.707626,30892295,1
17/10/19,263.021667,37061013,1
18/10/19,267.183228,33203721,1
22/10/19,268.025452,27574295,1
23/10/19,272.930176,31789622,-1
24/10/19,260.098633,63943183,1
25/10/19,278.974365,105518180,1
27/10/19,279.222076,12183625,-1
29/10/19,278.082581,51033578,1
30/10/19,287.247986,51469048,1
31/10/19,309.542145,128449327,1
1/11/19,310.68161,44894016,1
4/11/19,311.424744,31535656,1
5/11/19,316.279938,50080853,-1
6/11/19,314.64502,32157080,1
7/11/19,315.239532,33926772,-1
8/11/19,313.109222,25423362,1
11/11/19,315.338623,20491942,-1
13/11/19,303.993378,32675829,-1
14/11/19,303.200684,43617772,1
15/11/19,318.955231,95199897,1
18/11/19,322.125977,39009263,1
19/11/19,327.377472,41372145,-1
20/11/19,325.792114,29972583,1
21/11/19,328.318787,34116162,-1
22/11/19,326.287537,28974967,1
25/11/19,333.02533,27561300,-1
26/11/19,332.430817,36464072,1
27/11/19,340.407166,33971305,1
28/11/19,346.104584,42538227,-1
29/11/19,338.722748,23081823,-1
2/12/19,335.403381,20648850,-1
3/12/19,333.17395,26482178,1
4/12/19,338.722748,26789483,-1
5/12/19,333.12442,30429507,-1
6/12/19,317.072632,47027528,-1
9/12/19,313.802826,52435239,-1
10/12/19,310.53299,52155809,-1
11/12/19,309.938477,52557951,1
12/12/19,318.905701,37804216,1
13/12/19,329.507813,40955226,-1
16/12/19,328.814209,35027613,1
17/12/19,329.854614,26734601,-1
18/12/19,323.959045,26449075,1
19/12/19,325.148071,27516289,1
20/12/19,334.759338,51839714,-1
23/12/19,329.359192,30150335,-1
24/12/19,328.417877,21747782,-1
26/12/19,326.83252,24616942,1
27/12/19,334.164825,33477173,-1
30/12/19,331.340881,22775554,-1
31/12/19,330.696838,23801635,1
1/1/20,331.390442,17379320,1
2/1/20,336.196045,20324236,-1
3/1/20,330.647308,21853208,-1
6/1/20,316.081757,35645325,-1
7/1/20,315.487244,50966826,1
8/1/20,316.874451,44527485,1
9/1/20,327.179321,40348407,1
10/1/20,329.210571,42377838,-1
13/1/20,327.724274,23615129,-1
14/1/20,324.999451,26296117,-1
15/1/20,321.283752,32625740,-1
16/1/20,320.342407,26653623,-1
17/1/20,315.090912,58396326,-1
20/1/20,311.127502,30682902,-1
21/1/20,310.830261,30591772,1
22/1/20,313.257843,24994911,1
23/1/20,320.243347,33293610,1
24/1/20,321.085571,22706879,-1
27/1/20,313.307404,23309355,-1
28/1/20,312.217438,26488426,1
29/1/20,313.555115,23914114,-1
30/1/20,307.857697,35802330,1
31/1/20,315.536804,92656638,-1
3/2/20,295.372955,56060158,1
4/2/20,303.448395,51141567,1
5/2/20,308.154938,35014841,1
6/2/20,319.004791,57757656,-1
7/2/20,317.617584,37126803,-1
10/2/20,315.586334,24816396,1
11/2/20,321.382843,30188757,-1
12/2/20,317.270813,38930849,1
13/2/20,324.454468,62516057,-1
14/2/20,316.478088,48205947,-1
17/2/20,311.325684,36950692,1
18/2/20,314.64502,38588583,1
19/2/20,317.419434,39846727,1
20/2/20,324.652618,40150409,-1
24/2/20,319.995636,45273936,1
25/2/20,323.810394,39050709,1
26/2/20,325.197632,43915281,-1
27/2/20,319.004791,47010040,-1
28/2/20,300.228149,59705346,-1
2/3/20,284.770844,66711413,1
3/3/20,287.198425,61949382,-1
4/3/20,282.690033,73675736,1
5/3/20,285.860779,149245973,-1
6/3/20,268.025452,106043172,-1
9/3/20,251.131424,101286241,-1
11/3/20,242.857819,90845604,-1
12/3/20,210.655121,99767083,1
13/3/20,239.786163,155701316,-1
16/3/20,221.306793,75583409,-1
17/3/20,213.181793,65403057,1
18/3/20,213.231339,101356399,-1
19/3/20,201.786987,93533467,1
20/3/20,207.930283,77391650,-1
23/3/20,179.938721,61750037,1
24/3/20,181.524078,67491360,1
25/3/20,188.162781,71567553,1
26/3/20,190.98671,107260359,1
27/3/20,194.15744,114740377,-1
30/3/20,185.190216,60081554,1
31/3/20,195.04921,59543412,-1
1/4/20,184.84343,52954239,-1
3/4/20,173.894516,64448494,1
7/4/20,184.694794,72130500,-1
8/4/20,181.325897,80435759,1
9/4/20,186.032455,62416005,-1
13/4/20,181.821335,51847146,-1
15/4/20,180.681854,72190004,1
16/4/20,186.775589,61165773,1
17/4/20,191.482132,89851063,-1
20/4/20,190.738998,81958510,-1
21/4/20,183.059891,53042420,1
22/4/20,186.973755,61503413,-1
23/4/20,184.99205,50955312,-1
24/4/20,178.105637,65137305,1
27/4/20,179.245117,42996571,1
28/4/20,182.614014,49590230,1
29/4/20,188.360962,57470466,1
30/4/20,188.757294,63063889,-1
4/5/20,177.213882,58118177,-1
5/5/20,168.841171,91050439,1
6/5/20,169.534775,73156432,-1
7/5/20,169.187973,42942399,-1
8/5/20,165.125473,55932236,-1
11/5/20,163.936447,54591827,1
12/5/20,165.373184,70752542,1
13/5/20,172.507324,81720683,-1
14/5/20,166.413574,48136531,-1
15/5/20,164.877762,35495540,-1
18/5/20,153.879303,77349435,-1
19/5/20,151.402176,71522334,1
20/5/20,151.996689,66168767,-1
21/5/20,150.559952,61147471,-1
22/5/20,149.470016,87064198,1
26/5/20,150.014984,48275988,1
27/5/20,157.149124,88195120,-1
28/5/20,156.752777,76968678,1
29/5/20,159.824417,58363280,1
1/6/20,168.49437,92740893,1
2/6/20,168.692535,70419104,1
3/6/20,173.300003,113168889,-1
4/6/20,172.457779,83494674,1
5/6/20,186.082001,201321234,-1
8/6/20,185.091141,151741826,-1
9/6/20,182.762634,96654191,1
10/6/20,185.98291,67333317,-1
11/6/20,175.529419,91726802,1
12/6/20,177.511124,92758901,-1
15/6/20,172.110977,63613412,-1
16/6/20,171.318298,63925976,1
17/6/20,171.367844,73866905,1
18/6/20,178.006546,58261857,1
19/6/20,182.81218,76895151,1
22/6/20,185.98291,80023958,1
23/6/20,190.689453,65487085,-1
24/6/20,182.91127,74668987,1
25/6/20,183.555328,73620385,-1
26/6/20,182.91127,49176958,-1
29/6/20,177.610214,50966428,-1
30/6/20,176.81752,43613239,1
1/7/20,183.109436,54012853,1
2/7/20,183.753494,52127276,-1
3/7/20,183.010345,38048810,1
6/7/20,186.329712,43773740,1
7/7/20,186.87468,55124494,1
8/7/20,190.144485,143063102,1
9/7/20,197.278625,89539723,-1
10/7/20,193.810638,111406477,-1
13/7/20,190.937164,61949761,-1
14/7/20,184.348007,62239932,-1
15/7/20,182.118591,58527305,1
16/7/20,184.546173,46546803,1
17/7/20,186.478333,47035238,1
20/7/20,189.005005,45672856,1
21/7/20,192.621613,59281860,-1
22/7/20,190.243576,62276152,1
23/7/20,196.436401,70801412,-1
24/7/20,190.194031,65265493,-1
27/7/20,185.437927,50697767,1
28/7/20,187.716904,51488617,1
29/7/20,189.450882,73763368,-1
30/7/20,184.84343,48472816,1
31/7/20,189.698593,145892485,1
3/8/20,190.491287,72454278,-1
4/8/20,189.847244,43866676,-1
5/8/20,189.698593,68888892,-1
6/8/20,189.203171,59740172,-1
7/8/20,188.905914,44822338,1
10/8/20,192.027115,48784530,1
11/8/20,193.265671,43890305,1
12/8/20,201.440201,157818228,-1
13/8/20,200.052994,70443118,-1
14/8/20,194.702408,56169088,-1
17/8/20,191.333511,54787889,1
18/8/20,193.315216,46294169,1
19/8/20,195.247375,59296062,-1
20/8/20,192.968414,37504602,1
21/8/20,196.585022,68041871,1
24/8/20,199.607117,53850253,1
25/8/20,206.047653,105394375,1
26/8/20,207.930283,66749637,1
27/8/20,213.677216,80997993,1
28/8/20,222.79306,95974037,-1
31/8/20,210.060608,119986476,1
1/9/20,216.104813,75048313,-1
2/9/20,214.271729,47608088,-1
3/9/20,211.200089,38594129,-1
4/9/20,204.710022,54435758,1
7/9/20,205.998108,35687359,-1
8/9/20,202.183334,34146789,-1
9/9/20,193.067505,72715826,1
10/9/20,196.337311,67789617,1
11/9/20,200.845688,48487971,-1
14/9/20,196.684113,63605531,1
15/9/20,198.319016,51761038,-1
16/9/20,196.386856,52404964,-1
17/9/20,193.662003,41223296,-1
18/9/20,190.838089,55286316,-1
21/9/20,184.100296,57611375,1
22/9/20,184.496628,51210889,-1
23/9/20,182.118591,44320497,-1
24/9/20,174.73674,46114798,1
25/9/20,180.533218,46550127,1
28/9/20,185.537033,41921548,-1
29/9/20,183.357147,35688726,1
30/9/20,183.703949,37641083,1
1/10/20,188.559128,43588724,-1
5/10/20,187.0233,41694686,1
6/10/20,189.847244,31098726,-1
7/10/20,188.95546,34578053,1
8/10/20,189.748154,43351606,1
9/10/20,196.485947,64907230,1
12/10/20,196.882278,69122798,-1
13/10/20,193.909729,34948525,1
14/10/20,198.21994,40548275,-1
15/10/20,191.0858,49184123,1
16/10/20,194.15744,36893126,1
19/10/20,202.133789,60220779,-1
20/10/20,201.19249,39316753,1
21/10/20,201.886078,54515523,-1
22/10/20,201.440201,33721637,-1
23/10/20,200.944778,32707020,-1
26/10/20,194.900574,45470123,-1
27/10/20,192.869324,37794381,-1
28/10/20,188.707748,46458319,-1
29/10/20,186.973755,44822673,1
30/10/20,187.518723,41519686,1
2/11/20,194.256531,52600119,1
3/11/20,202.876938,69890201,1
4/11/20,205.106354,117577856,1
5/11/20,216.649765,138023646,1
6/11/20,217.194748,73147085,1
9/11/20,217.492004,60359458,1
10/11/20,229.580399,135294550,1
11/11/20,232.057526,107094861,-1
12/11/20,224.72522,58859905,1
13/11/20,227.350967,70676525,1
14/11/20,227.549149,7753219,1
17/11/20,238.00264,80501583,1
18/11/20,249.694687,104514060,-1
19/11/20,237.556747,82284278,1
20/11/20,240.529312,84411129,-1
23/11/20,236.516357,57538324,1
24/11/20,241.619247,47636611,-1
25/11/20,240.777023,74767232,1
26/11/20,243.204605,64248318,-1
27/11/20,242.015579,54355703,1
1/12/20,245.780823,37003272,-1
2/12/20,244.690887,56723083,1
3/12/20,253.955338,79266442,1
4/12/20,261.089478,79252024,1
7/12/20,267.133698,76053084,1
8/12/20,269.412628,65617502,-1
9/12/20,267.876831,48495641,-1
10/12/20,267.084137,38676657,1
11/12/20,269.957611,50255223,1
14/12/20,271.69162,31946501,-1
15/12/20,268.174072,34890948,-1
16/12/20,266.935516,24844177,-1
17/12/20,265.251068,25904699,1
18/12/20,268.966766,29816205,-1
21/12/20,252.36998,55160758,1
22/12/20,255.094849,51189571,1
23/12/20,260.594055,29056404,1
24/12/20,264.408844,28585509,1
28/12/20,272.682465,36870242,1
29/12/20,275.357758,45032526,-1
30/12/20,274.366882,30971894,-1
31/12/20,272.434753,29467966,1
1/1/21,276.844025,24531791,1
4/1/21,278.478912,31450608,1
5/1/21,279.172546,27393072,1
6/1/21,282.442322,40765708,1
7/1/21,285.068115,30546600,-1
8/1/21,283.383667,32543357,-1
11/1/21,279.91568,29703173,1
12/1/21,289.824188,44307145,1
13/1/21,303.993378,78042133,1
14/1/21,304.43927,40123498,-1
15/1/21,301.070374,35307601,-1
18/1/21,291.756378,54969750,1
19/1/21,295.868408,35803901,1
20/1/21,299.782257,33759304,-1
21/1/21,292.15271,29995203,-1
22/1/21,281.104706,44440810,-1
25/1/21,278.379852,34034630,-1
27/1/21,273.128326,39211107,1
28/1/21,279.767059,48717297,-1
29/1/21,279.519348,42300984,1
1/2/21,307.857697,103414068,1
2/2/21,330.052795,121434166,1
3/2/21,332.876709,66420168,1
4/2/21,351.851532,145203439,1
5/2/21,389.503906,214955688,1
8/2/21,393.417755,79389205,-1
9/2/21,391.188324,63869990,-1
10/2/21,388.661682,54163507,-1
11/2/21,386.580872,36392708,1
12/2/21,389.553436,53589755,1
15/2/21,403.227203,56608937,-1
16/2/21,398.669281,80365431,1
17/2/21,407.983276,74161370,1
18/2/21,411.401733,67154539,-1
19/2/21,395.894867,66155518,-1
22/2/21,385.936829,52535049,1
23/2/21,391.981018,45462768,1
24/2/21,402.5336,39632090,1
25/2/21,403.524445,46988836,-1
26/2/21,386.580872,64450414,1
1/3/21,391.336975,29677890,-1
2/3/21,390.593842,30534337,1
3/3/21,401.344574,46268223,-1
4/3/21,392.030579,43603653,-1
5/3/21,380.14035,72179228,1
8/3/21,386.035919,39147858,-1
9/3/21,384.05423,28054083,1
10/3/21,384.15332,22677399,-1
12/3/21,377.613678,35336355,1
15/3/21,380.388062,42722585,-1
16/3/21,375.086975,38196452,-1
17/3/21,364.782135,33143064,-1
18/3/21,363.74176,39405038,1
19/3/21,367.7547,60309145,-1
22/3/21,363.64267,28461974,1
23/3/21,369.290527,41032380,-1
24/3/21,356.558075,42318999,-1
25/3/21,351.950623,57495003,1
26/3/21,353.932312,40718848,1
30/3/21,357.499359,39405124,1
31/3/21,360.967346,38651025,1
1/4/21,367.259277,31883453,-1
5/4/21,350.315704,51743981,-1
6/4/21,347.34314,44147709,1
7/4/21,355.269958,48023602,-1
8/4/21,352.346954,33370259,-1
9/4/21,349.770721,46473100,-1
12/4/21,325.841675,75501713,1
13/4/21,337.880524,49773360,1
15/4/21,339.564972,52992349,-1
16/4/21,336.790558,37766793,-1
19/4/21,328.120605,53304377,-1
20/4/21,326.485718,41296147,1
22/4/21,333.570313,49105833,-1
23/4/21,333.372162,44223940,1
26/4/21,341.150299,49234985,1
27/4/21,349.820251,46003023,1
28/4/21,360.075592,56696255,-1
29/4/21,356.112183,63692926,-1
30/4/21,350.266174,53832840,-1
3/5/21,347.3927,43691860,1
4/5/21,348.284454,57749307,1
5/5/21,352.148773,40872501,1
6/5/21,352.297394,36294427,1
7/5/21,354.972717,38357618,1
10/5/21,358.391144,41739324,1
11/5/21,361.314148,41892770,1
12/5/21,364.336273,53436590,-1
14/5/21,357.152588,51722170,1
17/5/21,379.595398,106555796,-1
18/5/21,378.753143,70917710,1
19/5/21,380.883484,48189573,1
20/5/21,381.032104,42898608,1
21/5/21,397.529816,192810772,1
24/5/21,408.280518,142964052,1
25/5/21,408.577789,56048127,1
26/5/21,409.766815,52357719,1
27/5/21,421.310242,73392997,-1
28/5/21,418.189056,65137568,1
31/5/21,420.468018,38291043,1
1/6/21,428.592987,59299647,1
2/6/21,433.25,38657806,1
3/6/21,439.649994,38909199,-1
4/6/21,433.600006,36898769,-1
7/6/21,432.25,20201197,-1
8/6/21,427.200012,31113823,-1
9/6/21,421.450012,27784834,1
10/6/21,432.25,27397712,-1
11/6/21,429.600006,26831924,1
14/6/21,430.350006,30106015,-1
15/6/21,429.5,16413658,-1
16/6/21,425.950012,19701175,-1
17/6/21,420.25,23048331,-1
18/6/21,412.899994,45748727,1
21/6/21,419.75,33128978,-1
22/6/21,418.649994,28442965,1
23/6/21,418.850006,27564829,-1
24/6/21,417.200012,19214547,1
25/6/21,428.799988,29886797,-1
28/6/21,426.75,29370660,-1
29/6/21,421.5,22275961,-1
30/6/21,419.200012,18337773,1
1/7/21,420.399994,16161469,1
2/7/21,424.399994,16423811,1
5/7/21,432.649994,16483761,-1
6/7/21,429.75,20195278,1
7/7/21,432.850006,14473774,-1
8/7/21,424.450012,21433043,-1
9/7/21,423.75,16844494,1
12/7/21,427.450012,12886781,1
13/7/21,429.100006,12831125,1
14/7/21,431.049988,12767351,1
15/7/21,431.700012,11030732,-1
16/7/21,430,8713863,-1
19/7/21,427.899994,14426686,-1
20/7/21,420.899994,14623321,1
22/7/21,422.049988,11799761,1
23/7/21,428.899994,17704661,-1
26/7/21,423.299988,14037519,1
27/7/21,429.950012,24119619,-1
28/7/21,425.5,17636515,1
29/7/21,441.549988,35263606,-1
30/7/21,431.799988,35196813,1
2/8/21,434.899994,16926025,1
3/8/21,446.5,40922962,1
4/8/21,456.950012,129761158,-1
5/8/21,441.850006,58595639,-1
6/8/21,435.649994,38236066,-1
9/8/21,433.399994,22196404,-1
10/8/21,426.450012,27794251,1
11/8/21,428.049988,23827946,-1
12/8/21,427.149994,16847144,1
13/8/21,431.200012,20908992,-1
16/8/21,424.850006,17608693,-1
17/8/21,421.5,22957877,-1
18/8/21,419.700012,17668574,-1
20/8/21,406.700012,25541790,1
23/8/21,409.5,26559937,1
24/8/21,417.600006,19012313,-1
25/8/21,416.25,16410980,-1
26/8/21,410.75,15897679,1
27/8/21,412.450012,15090541,1
30/8/21,422.700012,20308691,1
31/8/21,426.049988,26262421,1
1/9/21,429.899994,18776721,-1
2/9/21,429.75,14372717,1
3/9/21,431.399994,14233624,-1
6/9/21,431.049988,10694099,-1
7/9/21,429.100006,14928735,1
8/9/21,431.350006,22817464,1
9/9/21,432.299988,9662128,1
13/9/21,432.850006,9567921,1
14/9/21,433,9981562,1
15/9/21,443.850006,22181568,1
16/9/21,463.700012,42637448,-1
17/9/21,454.100006,41529478,-1
20/9/21,437.450012,18376916,1
21/9/21,438.799988,17279588,1
22/9/21,438.850006,14321143,1
23/9/21,449.799988,20516770,-1
24/9/21,440.75,10731274,1
27/9/21,446.600006,11746892,-1
28/9/21,444.899994,19241170,1
29/9/21,460,38635938,-1
30/9/21,453,26530369,-1
1/10/21,451.649994,14777309,1
4/10/21,463.149994,16246765,1
5/10/21,464.700012,16487568,-1
6/10/21,457.200012,19056690,1
7/10/21,457.899994,9984651,1
8/10/21,458,16521128,1
11/10/21,469.25,20686981,1
12/10/21,483,33763609,-1
13/10/21,481.700012,17638983,1
14/10/21,490.600006,23431826,1
18/10/21,497.950012,20084248,-1
19/10/21,488.200012,20645100,1
20/10/21,499.899994,34080545,1
21/10/21,502.950012,20808243,0
22/10/21,502.950012,24080485,1
25/10/21,506.5,35619415,1
26/10/21,512.549988,21107457,1
27/10/21,519.150024,29463032,-1
28/10/21,501.350006,28140401,1
29/10/21,502.149994,31355893,1
1/11/21,515.700012,20679604,1
2/11/21,521.700012,26797820,1
3/11/21,527.650024,80775924,1
4/11/21,530.450012,9796046,-1
8/11/21,523.25,36802110,1
9/11/21,529.150024,25451967,-1
10/11/21,524.400024,15805538,-1
11/11/21,509.600006,23086898,1
12/11/21,511.350006,19836221,-1
15/11/21,506.549988,13328183,-1
16/11/21,495.100006,19553216,1
17/11/21,498.149994,20488483,1
18/11/21,503.799988,22471070,-1
22/11/21,486.399994,28800269,1
23/11/21,493.049988,20000371,1
24/11/21,493.149994,13963769,-1
25/11/21,490.549988,12894211,-1
26/11/21,470.5,26305817,-1
29/11/21,465.100006,22407465,-1
30/11/21,460.549988,23026652,1
1/12/21,475.299988,17156956,1
2/12/21,477,12962679,-1
3/12/21,473.149994,16653993,-1
6/12/21,465.299988,14353300,1
7/12/21,476.700012,13644942,1
8/12/21,491.549988,20397660,-1
9/12/21,488.649994,12560970,1
10/12/21,494.700012,13261408,-1
13/12/21,487.799988,14047645,1
14/12/21,488.549988,11642447,-1
15/12/21,484.799988,8639835,-1
16/12/21,481.149994,11107781,-1
17/12/21,467.799988,12648603,-1
20/12/21,449.200012,22336114,-1
21/12/21,446,16617447,1
22/12/21,455.850006,13102553,1
23/12/21,461.799988,14471377,-1
24/12/21,456.950012,13221159,1
27/12/21,458.049988,8856482,1
28/12/21,461.200012,8832210,-1
29/12/21,454.399994,11757303,-1
30/12/21,451.700012,28879190,1
31/12/21,460.450012,10005842,1
3/1/22,470.799988,13124509,1
4/1/22,483.5,23296671,1
5/1/22,492.399994,24694169,-1
6/1/22,491.700012,18190843,-1
7/1/22,491.25,22746330,1
10/1/22,503.649994,15832274,1
11/1/22,505.950012,16107950,1
12/1/22,510.25,14489616,1
13/1/22,511.350006,10450974,-1
14/1/22,508.350006,8724574,1
17/1/22,514,17422211,-1
18/1/22,506.799988,12592506,1
19/1/22,515.799988,16079457,-1
20/1/22,511.399994,17724642,-1
21/1/22,502.700012,16947941,-1
24/1/22,494.149994,20233933,1
25/1/22,514.650024,21791739,1
27/1/22,528.950012,35409230,-1
28/1/22,523.450012,24715250,1
31/1/22,538.299988,28674232,-1
1/2/22,532.299988,32245356,1
2/2/22,539.799988,21661864,1
3/2/22,540.099976,22717677,-1
4/2/22,530.299988,25332894,1
7/2/22,533.25,52289545,-1
8/2/22,531.349976,26567546,1
9/2/22,535.25,14856155,1
10/2/22,540.549988,18659370,-1
11/2/22,529.599976,14607095,-1
14/2/22,501.399994,26153332,1
15/2/22,524.799988,23842951,-1
16/2/22,516.700012,19773807,-1
17/2/22,512.950012,16408356,1
18/2/22,515.299988,15111223,-1
21/2/22,511.850006,16866932,-1
22/2/22,498.399994,27108772,1
23/2/22,498.700012,13899433,-1
24/2/22,472.649994,32356037,1
25/2/22,482.950012,21792287,1
28/2/22,483.200012,18069367,-1
2/3/22,474.25,22003848,-1
3/3/22,467.399994,20358590,-1
4/3/22,461.950012,20684268,-1
7/3/22,440.299988,33720472,0
8/3/22,440.299988,42510207,1
9/3/22,451.700012,32331325,1
10/3/22,468.700012,34553299,1
11/3/22,470.350006,22091309,1
14/3/22,485.149994,27750689,1
15/3/22,485.850006,27204899,1
16/3/22,492.75,16211288,1
17/3/22,501.899994,22947673,-1
21/3/22,490.600006,19064060,1
22/3/22,493.700012,26157969,-1
23/3/22,490.649994,15800195,-1
24/3/22,487.100006,18174877,1
25/3/22,490.700012,11541196,1
28/3/22,497.5,16738684,-1
29/3/22,495,14301429,-1
30/3/22,494.299988,16461225,-1
31/3/22,493.549988,10240982,1
1/4/22,508.200012,18527226,1
4/4/22,512.400024,16257176,-1
5/4/22,509.399994,13602384,1
6/4/22,513.950012,13738275,1
7/4/22,514.950012,19620958,1
8/4/22,516.099976,13572638,-1
11/4/22,514.900024,12370288,-1
12/4/22,512.849976,14460680,1
13/4/22,517.700012,15440525,-1
18/4/22,509.5,14492183,1
19/4/22,511.799988,20362934,-1
20/4/22,509.299988,11881305,1
21/4/22,516.299988,10035638,-1
22/4/22,500.600006,16760456,-1